browseAvailable,browseURL,sceneID,sensor,acquisitionDate,dateUpdated,path,row,upperLeftCornerLatitude,upperLeftCornerLongitude,upperRightCornerLatitude,upperRightCornerLongitude,lowerLeftCornerLatitude,lowerLeftCornerLongitude,lowerRightCornerLatitude,lowerRightCornerLongitude,sceneCenterLatitude,sceneCenterLongitude,cloudCover,cloudCoverFull,FULL_UL_QUAD_CCA,FULL_UR_QUAD_CCA,FULL_LL_QUAD_CCA,FULL_LR_QUAD_CCA,dayOrNight,flightPath,sunElevation,sunAzimuth,receivingStation,sceneStartTime,sceneStopTime,imageQuality1,imageQuality2,gainBand1,gainBand2,gainBand3,gainBand4,gainBand5,gainBand6H,gainBand6L,gainBand7,gainBand8,gainChangeBand1,gainChangeBand2,gainChangeBand3,gainChangeBand4,gainChangeBand5,gainChangeBand6H,gainChangeBand6L,gainChangeBand7,gainChangeBand8,DATA_TYPE_L1,cartURL,DATUM,ELEVATION_SOURCE,ELLIPSOID,EPHEMERIS_TYPE,FALSE_EASTING,FALSE_NORTHING,GROUND_CONTROL_POINTS_MODEL,GEOMETRIC_RMSE_MODEL,GEOMETRIC_RMSE_MODEL_X,GEOMETRIC_RMSE_MODEL_Y,GRID_CELL_SIZE_PANCHROMATIC,GRID_CELL_SIZE_REFLECTIVE,GRID_CELL_SIZE_THERMAL,MAP_PROJECTION_L1,ORIENTATION,OUTPUT_FORMAT,PANCHROMATIC_LINES,PANCHROMATIC_SAMPLES,L1_AVAILABLE,REFLECTIVE_LINES,REFLECTIVE_SAMPLES,RESAMPLING_OPTION,SCAN_GAP_INTERPOLATION,THERMAL_LINES,THERMAL_SAMPLES,TRUE_SCALE_LAT,UTM_ZONE,VERTICAL_LON_FROM_POLE,PROCESSING_SOFTWARE_VERSION,CPF_NAME,GROUND_CONTROL_POINTS_VERSION,DATE_L1_GENERATED
Y,http://earthexplorer.usgs.gov/browse/etm/176/36/2003/LE7176036000306850.jpg,LE71760362003068SGS00,LANDSAT_ETM,2003-03-09,2014-09-02,176,36,35.5714,32.2479,35.2697,34.3216,33.9436,31.8078,33.6479,33.8418,34.612,33.055,1,  13.78,  32.39,  10.04,  10.41,   2.27,DAY,DAY,43.3784637,141.8726501,SGS,2003:068:08:11:10.9902499,2003:068:08:11:38.0961250,9,9,L,L,L,L,L,H,L,L,L,LL,LL,LL,LL,LL,LL,HH,LL,LL,L1T,http://earthexplorer.usgs.gov/order/process?dataset_name=LANDSAT_ETM&ordered=LE71760362003068SGS00,WGS84,GLS2000,WGS84,DEFINITIVE,,,139,3.748,2.678,2.622,15,30,30,UTM,NORTH_UP,GEOTIFF,14321,15801,Y,7161,7901,CUBIC_CONVOLUTION,,7161,7901,,36,,LPGS_12.4.1,L7CPF20030101_20030331.09,,2014-09-02 15:59:14
Y,http://earthexplorer.usgs.gov/browse/etm/176/36/2002/LE7176036000228950.jpg,LE71760362002289SGS00,LANDSAT_ETM,2002-10-16,2014-10-23,176,36,35.5714,32.2429,35.2694,34.3171,33.9442,31.8035,33.6481,33.8381,34.612,33.0497,1,  12.35,  12.28,  14.07,   4.39,  18.65,DAY,DAY,42.2760162,151.7247772,SGS,2002:289:08:10:09.9219999,2002:289:08:10:37.0101249,9,9,H,H,H,H,H,H,L,H,L,HH,HH,HH,HH,HH,LL,HH,HH,LL,L1T,http://earthexplorer.usgs.gov/order/process?dataset_name=LANDSAT_ETM&ordered=LE71760362002289SGS00,WGS84,GLS2000,WGS84,DEFINITIVE,,,164,3.339,1.999,2.674,15,30,30,UTM,NORTH_UP,GEOTIFF,14321,15821,Y,7161,7911,CUBIC_CONVOLUTION,,7161,7911,,36,,LPGS_12.5.0,L7CPF20021001_20021231.10,,2014-10-23 09:55:39
Y,http://earthexplorer.usgs.gov/browse/etm/176/36/2002/LE71760362002273MTI00.jpg,LE71760362002273MTI00,LANDSAT_ETM,2002-09-30,2016-07-21,176,36,35.5662,32.24113,35.26612,34.3142,33.93877,31.80301,33.64452,33.83647,34.60939,33.04917,0,   0.00,   0.01,   0.00,   0.00,   0.00,DAY,DAY,47.33376694,146.68641663,MTI,2002:273:08:10:10.1596875,2002:273:08:10:37.2452499,9,9,H,H,H,L,H,H,L,H,L,HH,HH,HH,LL,HH,LL,HH,HH,LL,PR,http://earthexplorer.usgs.gov/order/process?dataset_name=LANDSAT_ETM&ordered=LE71760362002273MTI00,,,,,,,,,,,,,,,,,,,W,,,,,,,,,,,,,
Y,http://earthexplorer.usgs.gov/browse/etm/176/36/2002/LE71760362002257MTI00.jpg,LE71760362002257MTI00,LANDSAT_ETM,2002-09-14,2016-07-21,176,36,35.5675,32.25225,35.26746,34.32509,33.94025,31.81468,33.64595,33.84789,34.60938,33.06041,0,   0.29,   0.40,   0.70,   0.01,   0.04,DAY,DAY,52.09371948,140.16040039,MTI,2002:257:08:10:17.9688749,2002:257:08:10:45.0521875,9,9,H,H,H,L,H,H,L,H,L,HH,HH,HH,LL,HH,LL,HH,HH,LL,PR,http://earthexplorer.usgs.gov/order/process?dataset_name=LANDSAT_ETM&ordered=LE71760362002257MTI00,,,,,,,,,,,,,,,,,,,W,,,,,,,,,,,,,
Y,http://earthexplorer.usgs.gov/browse/etm/176/36/2002/LE71760362002241MTI00.jpg,LE71760362002241MTI00,LANDSAT_ETM,2002-08-29,2016-07-21,176,36,35.56475,32.25977,35.26448,34.33302,33.93784,31.82246,33.64348,33.85614,34.6091,33.06868,0,   0.00,   0.00,   0.01,   0.00,   0.00,DAY,DAY,56.24262619,132.54702759,MTI,2002:241:08:10:25.1727499,2002:241:08:10:52.2538124,9,9,H,H,H,L,H,H,L,H,L,HH,HH,HH,LL,HH,LL,HH,HH,LL,PR,http://earthexplorer.usgs.gov/order/process?dataset_name=LANDSAT_ETM&ordered=LE71760362002241MTI00,,,,,,,,,,,,,,,,,,,W,,,,,,,,,,,,,
Y,http://earthexplorer.usgs.gov/browse/etm/176/36/2002/LE7176036000222550.jpg,LE71760362002225SGS00,LANDSAT_ETM,2002-08-13,2014-10-23,176,36,35.571,32.2072,35.2708,34.2805,33.944,31.7702,33.6496,33.8038,34.612,33.015,0,   0.00,   0.00,   0.00,   0.00,   0.00,DAY,DAY,59.6135025,124.6134338,SGS,2002:225:08:10:36.9726250,2002:225:08:11:04.0509999,9,9,L,L,L,L,L,H,L,L,L,LL,LL,LL,LL,LL,LL,HH,LL,LL,L1T,http://earthexplorer.usgs.gov/order/process?dataset_name=LANDSAT_ETM&ordered=LE71760362002225SGS00,WGS84,GLS2000,WGS84,DEFINITIVE,,,139,4.609,3.356,3.159,15,30,30,UTM,NORTH_UP,GEOTIFF,14301,15801,Y,7151,7901,CUBIC_CONVOLUTION,,7151,7901,,36,,LPGS_12.5.0,L7CPF20020701_20020930.09,,2014-10-23 10:11:13
Y,http://earthexplorer.usgs.gov/browse/etm/176/36/2002/LE71760362002209MTI00.jpg,LE71760362002209MTI00,LANDSAT_ETM,2002-07-28,2016-07-21,176,36,35.5645,32.25761,35.26421,34.33058,33.93788,31.82047,33.64347,33.85388,34.60863,33.06609,0,   0.00,   0.00,   0.00,   0.00,   0.00,DAY,DAY,62.29779816,117.61966705,MTI,2002:209:08:10:41.2103750,2002:209:08:11:08.2868124,9,9,H,H,H,L,H,H,L,H,L,HH,HH,HH,LL,HH,LL,HH,HH,LL,PR,http://earthexplorer.usgs.gov/order/process?dataset_name=LANDSAT_ETM&ordered=LE71760362002209MTI00,,,,,,,,,,,,,,,,,,,W,,,,,,,,,,,,,
Y,http://earthexplorer.usgs.gov/browse/etm/176/36/2002/LE7176036000214550.jpg,LE71760362002145SGS00,LANDSAT_ETM,2002-05-25,2014-10-23,176,36,35.5681,32.2248,35.2677,34.2974,33.9419,31.7873,33.6471,33.8204,34.612,33.033,0,   0.04,   0.11,   0.03,   0.00,   0.01,DAY,DAY,65.3046036,117.4657059,SGS,2002:145:08:11:06.1519374,2002:145:08:11:33.2180625,9,9,L,L,L,L,L,H,L,L,L,LL,LL,LL,LL,LL,LL,HH,LL,LL,L1T,http://earthexplorer.usgs.gov/order/process?dataset_name=LANDSAT_ETM&ordered=LE71760362002145SGS00,WGS84,GLS2000,WGS84,DEFINITIVE,,,156,4.223,2.948,3.024,15,30,30,UTM,NORTH_UP,GEOTIFF,14301,15781,Y,7151,7891,CUBIC_CONVOLUTION,,7151,7891,,36,,LPGS_12.5.0,L7CPF20020401_20020630.09,,2014-10-23 09:41:01
Y,http://earthexplorer.usgs.gov/browse/etm/176/36/2002/LE71760362002113MTI00.jpg,LE71760362002113MTI00,LANDSAT_ETM,2002-04-23,2016-07-20,176,36,35.56594,32.26792,35.2653,34.34066,33.94016,31.82947,33.64533,33.86264,34.60834,33.075,2,  24.84,  44.34,  34.63,  10.14,  10.24,DAY,DAY,59.19849396,130.02400208,MTI,2002:113:08:11:12.1110625,2002:113:08:11:39.1741874,1,4,H,H,H,L,H,H,L,H,L,HH,HH,HH,LL,HH,LL,HH,HH,LL,PR,http://earthexplorer.usgs.gov/order/process?dataset_name=LANDSAT_ETM&ordered=LE71760362002113MTI00,,,,,,,,,,,,,,,,,,,W,,,,,,,,,,,,,
Y,http://earthexplorer.usgs.gov/browse/etm/176/36/2002/LE7176036000209750.jpg,LE71760362002097SGS00,LANDSAT_ETM,2002-04-07,2014-10-23,176,36,35.5712,32.2522,35.2701,34.3254,33.9412,31.8131,33.646,33.8466,34.612,33.0599,1,  13.56,  29.82,  14.38,   7.21,   2.85,DAY,DAY,54.1136017,135.0717621,SGS,2002:097:08:11:14.6626440,2002:097:08:11:41.7238315,9,9,H,H,H,L,H,H,L,H,L,HL,HL,HL,LL,HL,LL,HH,HL,LL,L1T,http://earthexplorer.usgs.gov/order/process?dataset_name=LANDSAT_ETM&ordered=LE71760362002097SGS00,WGS84,GLS2000,WGS84,DEFINITIVE,,,147,3.568,2.336,2.697,15,30,30,UTM,NORTH_UP,GEOTIFF,14281,15801,Y,7141,7901,CUBIC_CONVOLUTION,,7141,7901,,36,,LPGS_12.5.0,L7CPF20020401_20020630.09,,2014-10-23 09:53:06
Y,http://earthexplorer.usgs.gov/browse/etm/176/36/2002/LE71760362002081MTI00.jpg,LE71760362002081MTI00,LANDSAT_ETM,2002-03-22,2016-07-18,176,36,35.56387,32.2841,35.26298,34.35739,33.93811,31.84633,33.64296,33.88002,34.60769,33.09264,0,   0.56,   0.97,   1.21,   0.04,   0.00,DAY,DAY,48.33829498,139.12138367,MTI,2002:081:08:11:14.0628125,2002:081:08:11:41.1221250,9,9,H,H,H,L,H,H,L,H,L,HH,HH,HH,LL,HH,LL,HH,HH,LL,PR,http://earthexplorer.usgs.gov/order/process?dataset_name=LANDSAT_ETM&ordered=LE71760362002081MTI00,,,,,,,,,,,,,,,,,,,W,,,,,,,,,,,,,
Y,http://earthexplorer.usgs.gov/browse/etm/176/36/2002/LE71760362002065MTI00.jpg,LE71760362002065MTI00,LANDSAT_ETM,2002-03-06,2016-07-18,176,36,35.56471,32.2579,35.26362,34.33125,33.93935,31.81994,33.64419,33.85375,34.60736,33.0657,0,   0.61,   1.13,   1.27,   0.04,   0.00,DAY,DAY,42.40106964,142.48420715,MTI,2002:065:08:11:21.7303749,2002:065:08:11:48.7868124,9,9,H,H,H,H,H,H,L,H,L,HH,HH,HH,HH,HH,LL,HH,HH,LL,PR,http://earthexplorer.usgs.gov/order/process?dataset_name=LANDSAT_ETM&ordered=LE71760362002065MTI00,,,,,,,,,,,,,,,,,,,W,,,,,,,,,,,,,
Y,http://earthexplorer.usgs.gov/browse/etm/176/36/2002/LE71760362002049MTI00.jpg,LE71760362002049MTI00,LANDSAT_ETM,2002-02-18,2016-07-21,176,36,35.56607,32.27717,35.26494,34.35044,33.94124,31.83953,33.64595,33.87324,34.60714,33.08514,0,   0.49,   0.81,   1.11,   0.03,   0.00,DAY,DAY,36.88482285,145.548172,MTI,2002:049:08:11:17.0699999,2002:049:08:11:44.1234375,9,9,H,H,H,H,H,H,L,H,L,HH,HH,HH,HH,HH,LL,HH,HH,LL,L1T,http://earthexplorer.usgs.gov/order/process?dataset_name=LANDSAT_ETM&ordered=LE71760362002049MTI00,WGS84,GLS2000,WGS84,DEFINITIVE,,,246,3.119,1.991,2.401,15,30,30,UTM,NORTH_UP,GEOTIFF,14281,15801,Y,7141,7901,CUBIC_CONVOLUTION,,7141,7901,,36,,LPGS_12.7.0,L7CPF20020101_20020331.10,4,2016-07-21 18:27:34
Y,http://earthexplorer.usgs.gov/browse/etm/176/36/2002/LE7176036000203350.jpg,LE71760362002033SGS00,LANDSAT_ETM,2002-02-02,2014-10-02,176,36,35.5704,32.2607,35.2685,34.3346,33.9414,31.8218,33.6453,33.8561,34.612,33.0689,0,   0.30,   0.25,   0.53,   0.37,   0.05,DAY,DAY,32.3102303,148.5033569,SGS,2002:033:08:11:16.3377569,2002:033:08:11:43.3898194,9,9,H,H,H,H,H,H,L,H,L,HL,HL,HL,HH,HH,LL,HH,HH,LL,L1T,http://earthexplorer.usgs.gov/order/process?dataset_name=LANDSAT_ETM&ordered=LE71760362002033SGS00,WGS84,GLS2000,WGS84,DEFINITIVE,,,243,2.873,1.852,2.196,15,30,30,UTM,NORTH_UP,GEOTIFF,14281,15781,Y,7141,7891,CUBIC_CONVOLUTION,,7141,7891,,36,,LPGS_12.5.0,L7CPF20020101_20020331.10,,2014-10-03 03:33:49
Y,http://earthexplorer.usgs.gov/browse/etm/176/36/2002/LE71760362002017MTI00.jpg,LE71760362002017MTI00,LANDSAT_ETM,2002-01-17,2016-07-21,176,36,35.56257,32.2744,35.2611,34.34805,33.938,31.83678,33.6424,33.87091,34.60662,33.08352,1,  19.52,  27.19,  35.13,   4.25,  11.51,DAY,DAY,29.15929031,151.39311218,MTI,2002:017:08:11:14.0809375,2002:017:08:11:41.1308125,9,9,H,H,H,H,H,H,L,H,L,HH,HH,HH,HH,HH,LL,HH,HH,LL,L1T,http://earthexplorer.usgs.gov/order/process?dataset_name=LANDSAT_ETM&ordered=LE71760362002017MTI00,WGS84,GLS2000,WGS84,DEFINITIVE,,,229,2.908,1.605,2.425,15,30,30,UTM,NORTH_UP,GEOTIFF,14301,15781,Y,7151,7891,CUBIC_CONVOLUTION,,7151,7891,,36,,LPGS_12.7.0,L7CPF20020101_20020331.10,4,2016-07-21 18:16:08
Y,http://earthexplorer.usgs.gov/browse/etm/176/36/2001/LE7176036000135050.jpg,LE71760362001350SGS00,LANDSAT_ETM,2001-12-16,2014-09-02,176,36,35.5719,32.2624,35.2699,34.3356,33.9422,31.8225,33.646,33.856,34.612,33.0695,0,   1.10,   0.89,   1.06,   1.43,   1.02,DAY,DAY,28.0782471,155.9790039,SGS,2001:350:08:11:06.1295623,2001:350:08:11:33.1763122,9,9,H,H,H,H,H,H,L,H,L,HL,HL,HL,HH,HH,LL,HH,HH,LL,L1T,http://earthexplorer.usgs.gov/order/process?dataset_name=LANDSAT_ETM&ordered=LE71760362001350SGS00,WGS84,GLS2000,WGS84,DEFINITIVE,,,224,3.23,2.251,2.317,15,30,30,UTM,NORTH_UP,GEOTIFF,14301,15781,Y,7151,7891,CUBIC_CONVOLUTION,,7151,7891,,36,,LPGS_12.4.1,L7CPF20011001_20011231.11,,2014-09-02 15:44:53
Y,http://earthexplorer.usgs.gov/browse/etm/176/36/2001/LE71760362001302MTI00.jpg,LE71760362001302MTI00,LANDSAT_ETM,2001-10-29,2016-07-21,176,36,35.56461,32.29199,35.26266,34.3658,33.94011,31.85331,33.64401,33.8876,34.60523,33.09912,3,  40.25,  55.69,  54.13,  33.83,  17.36,DAY,DAY,38.21839905,154.80401611,MTI,2001:302:08:10:43.7197499,2001:302:08:11:10.7623749,9,9,H,H,H,H,H,H,L,H,L,HH,HH,HH,HH,HH,LL,HH,HH,LL,L1T,http://earthexplorer.usgs.gov/order/process?dataset_name=LANDSAT_ETM&ordered=LE71760362001302MTI00,WGS84,GLS2000,WGS84,DEFINITIVE,,,32,3.812,2.635,2.755,15,30,30,UTM,NORTH_UP,GEOTIFF,14281,15781,Y,7141,7891,CUBIC_CONVOLUTION,,7141,7891,,36,,LPGS_12.7.0,L7CPF20011001_20011231.11,4,2016-07-21 18:27:36
Y,http://earthexplorer.usgs.gov/browse/etm/176/36/2001/LE7176036000128650.jpg,LE71760362001286SGS00,LANDSAT_ETM,2001-10-13,2014-10-23,176,36,35.5713,32.2664,35.2691,34.3406,33.9426,31.8271,33.6463,33.8616,34.612,33.0745,1,  18.50,  11.12,   1.44,  37.84,  23.59,DAY,DAY,43.207859,151.1493225,SGS,2001:286:08:10:36.9516166,2001:286:08:11:03.9922416,9,9,H,H,H,H,H,H,L,H,L,HH,HH,HH,HH,HH,LL,HH,HH,LL,L1T,http://earthexplorer.usgs.gov/order/process?dataset_name=LANDSAT_ETM&ordered=LE71760362001286SGS00,WGS84,GLS2000,WGS84,DEFINITIVE,,,153,3.947,2.691,2.888,15,30,30,UTM,NORTH_UP,GEOTIFF,14281,15781,Y,7141,7891,CUBIC_CONVOLUTION,,7141,7891,,36,,LPGS_12.5.0,L7CPF20011001_20011231.11,,2014-10-23 09:55:00
Y,http://earthexplorer.usgs.gov/browse/etm/176/36/2001/LE71760362001254MTI00.jpg,LE71760362001254MTI00,LANDSAT_ETM,2001-09-11,2016-07-21,176,36,35.56744,32.24776,35.26735,34.32029,33.94267,31.81084,33.64845,33.84382,34.61025,33.05521,0,   2.24,   2.58,   2.51,   1.54,   2.31,DAY,DAY,52.94763947,139.14004517,MTI,2001:254:08:11:00.7007499,2001:254:08:11:27.7386249,9,9,H,H,H,L,H,H,L,H,L,HH,HH,HH,LL,HH,LL,HH,HH,LL,L1T,http://earthexplorer.usgs.gov/order/process?dataset_name=LANDSAT_ETM&ordered=LE71760362001254MTI00,WGS84,GLS2000,WGS84,DEFINITIVE,,,109,4.44,3.301,2.969,15,30,30,UTM,NORTH_UP,GEOTIFF,14281,15781,Y,7141,7891,CUBIC_CONVOLUTION,,7141,7891,,36,,LPGS_12.7.0,L7CPF20010701_20010930.11,4,2016-07-21 18:14:26
Y,http://earthexplorer.usgs.gov/browse/etm/176/36/2001/LE7176036000123851.jpg,LE71760362001238SGS01,LANDSAT_ETM,2001-08-26,2014-10-03,176,36,35.5669,32.2315,35.2668,34.3047,33.938,31.7941,33.6437,33.8276,34.612,33.0404,0,   0.08,   0.19,   0.03,   0.10,   0.00,DAY,DAY,56.9820862,131.4109497,SGS,2001:238:08:11:12.2786735,2001:238:08:11:39.3151110,9,9,H,H,H,L,H,H,L,H,L,HL,HL,HL,LL,HL,LL,HH,HL,LL,L1T,http://earthexplorer.usgs.gov/order/process?dataset_name=LANDSAT_ETM&ordered=LE71760362001238SGS01,WGS84,GLS2000,WGS84,DEFINITIVE,,,187,3.864,2.651,2.811,15,30,30,UTM,NORTH_UP,GEOTIFF,14281,15781,Y,7141,7891,CUBIC_CONVOLUTION,,7141,7891,,36,,LPGS_12.5.0,L7CPF20010701_20010930.11,,2014-10-03 10:13:57
Y,http://earthexplorer.usgs.gov/browse/etm/176/36/2001/LE71760362001222MTI00.jpg,LE71760362001222MTI00,LANDSAT_ETM,2001-08-10,2016-07-21,176,36,35.56672,32.25633,35.26645,34.32994,33.94246,31.81916,33.64795,33.85321,34.61021,33.06522,0,   0.00,   0.00,   0.00,   0.00,   0.00,DAY,DAY,60.28738785,123.62878418,MTI,2001:222:08:11:23.4447500,2001:222:08:11:50.4790624,9,9,H,H,H,L,H,H,L,H,L,HL,HL,HL,LL,HL,LL,HH,HL,LL,L1T,http://earthexplorer.usgs.gov/order/process?dataset_name=LANDSAT_ETM&ordered=LE71760362001222MTI00,WGS84,GLS2000,WGS84,DEFINITIVE,,,153,4.564,3.197,3.257,15,30,30,UTM,NORTH_UP,GEOTIFF,14281,15801,Y,7141,7901,CUBIC_CONVOLUTION,,7141,7901,,36,,LPGS_12.7.0,L7CPF20010701_20010930.11,4,2016-07-21 18:12:31
Y,http://earthexplorer.usgs.gov/browse/etm/176/36/2001/LE71760362001206MTI00.jpg,LE71760362001206MTI00,LANDSAT_ETM,2001-07-25,2016-07-21,176,36,35.5673,32.22737,35.26698,34.30129,33.94328,31.79062,33.6487,33.825,34.60998,33.03621,0,   0.21,   0.75,   0.05,   0.02,   0.00,DAY,DAY,62.84524536,116.86332703,MTI,2001:206:08:11:41.2647500,2001:206:08:12:08.2959374,9,9,H,H,H,L,H,H,L,H,L,HH,HH,HH,LL,HH,LL,HH,HH,LL,L1T,http://earthexplorer.usgs.gov/order/process?dataset_name=LANDSAT_ETM&ordered=LE71760362001206MTI00,WGS84,GLS2000,WGS84,DEFINITIVE,,,132,4.012,2.724,2.945,15,30,30,UTM,NORTH_UP,GEOTIFF,14281,15801,Y,7141,7901,CUBIC_CONVOLUTION,,7141,7901,,36,,LPGS_12.7.0,L7CPF20010701_20010930.11,4,2016-07-21 18:13:50
Y,http://earthexplorer.usgs.gov/browse/etm/176/36/2001/LE71760362001158FUI00.jpg,LE71760362001158FUI00,LANDSAT_ETM,2001-06-07,2016-07-21,176,36,35.56417,32.25451,35.26398,34.3263,33.94016,31.81757,33.64574,33.84988,34.60985,33.06288,0,   0.25,   0.63,   0.35,   0.00,   0.00,DAY,DAY,66.2477417,113.61647034,FUI,2001:158:08:12:05.0508125,2001:158:08:12:32.0755625,9,9,H,H,H,L,H,H,L,H,L,HH,HH,HH,LL,HH,LL,HH,HH,LL,L1T,http://earthexplorer.usgs.gov/order/process?dataset_name=LANDSAT_ETM&ordered=LE71760362001158FUI00,WGS84,GLS2000,WGS84,DEFINITIVE,,,115,4.75,3.327,3.39,15,30,30,UTM,NORTH_UP,GEOTIFF,14281,15781,Y,7141,7891,CUBIC_CONVOLUTION,,7141,7891,,36,,LPGS_12.7.0,L7CPF20010401_20010630.12,4,2016-07-21 18:13:59
Y,http://earthexplorer.usgs.gov/browse/etm/176/36/2001/LE7176036000114250.jpg,LE71760362001142SGS00,LANDSAT_ETM,2001-05-22,2014-10-03,176,36,35.5706,32.2289,35.2702,34.3011,33.9421,31.7916,33.6475,33.8242,34.612,33.037,0,   0.00,   0.00,   0.00,   0.00,   0.00,DAY,DAY,65.2397614,118.9343872,SGS,2001:142:08:12:17.0982180,2001:142:08:12:44.1210930,9,9,H,H,H,L,H,H,L,H,L,HL,HL,HL,LL,HL,LL,HH,HL,LL,L1T,http://earthexplorer.usgs.gov/order/process?dataset_name=LANDSAT_ETM&ordered=LE71760362001142SGS00,WGS84,GLS2000,WGS84,DEFINITIVE,,,182,4.425,3.064,3.192,15,30,30,UTM,NORTH_UP,GEOTIFF,14281,15761,Y,7141,7881,CUBIC_CONVOLUTION,,7141,7881,,36,,LPGS_12.5.0,L7CPF20010401_20010630.12,,2014-10-03 12:55:38
Y,http://earthexplorer.usgs.gov/browse/etm/176/36/2001/LE71760362001126FUI00.jpg,LE71760362001126FUI00,LANDSAT_ETM,2001-05-06,2016-07-21,176,36,35.56519,32.22946,35.26472,34.30243,33.94187,31.79289,33.64712,33.82631,34.60954,33.03804,0,   0.80,   0.18,   1.30,   0.00,   1.71,DAY,DAY,62.68287659,125.43624115,FUI,2001:126:08:12:28.9273749,2001:126:08:12:55.9478124,9,9,H,H,H,L,H,H,L,H,L,HH,HH,HH,LL,HH,LL,HH,HH,LL,L1T,http://earthexplorer.usgs.gov/order/process?dataset_name=LANDSAT_ETM&ordered=LE71760362001126FUI00,WGS84,GLS2000,WGS84,DEFINITIVE,,,173,4.075,2.532,3.193,15,30,30,UTM,NORTH_UP,GEOTIFF,14281,15801,Y,7141,7901,CUBIC_CONVOLUTION,,7141,7901,,36,,LPGS_12.7.0,L7CPF20010401_20010630.12,4,2016-07-21 18:13:58
Y,http://earthexplorer.usgs.gov/browse/etm/176/36/2001/LE71760362001110FUI01.jpg,LE71760362001110FUI01,LANDSAT_ETM,2001-04-20,2016-07-21,176,36,35.56436,32.24608,35.2637,34.3198,33.94109,31.80958,33.64624,33.84376,34.6092,33.05513,2,  24.10,  24.26,   0.83,  42.67,  28.62,DAY,DAY,58.59410095,131.4402771,FUI,2001:110:08:12:32.9428749,2001:110:08:12:59.9609999,9,9,H,H,H,L,H,H,L,H,L,HH,HH,HH,LL,HH,LL,HH,HH,LL,L1T,http://earthexplorer.usgs.gov/order/process?dataset_name=LANDSAT_ETM&ordered=LE71760362001110FUI01,WGS84,GLS2000,WGS84,DEFINITIVE,,,205,4.078,2.648,3.101,15,30,30,UTM,NORTH_UP,GEOTIFF,14281,15801,Y,7141,7901,CUBIC_CONVOLUTION,,7141,7901,,36,,LPGS_12.7.0,L7CPF20010401_20010630.12,4,2016-07-21 18:14:31
Y,http://earthexplorer.usgs.gov/browse/etm/176/36/2001/LE7176036000109450.jpg,LE71760362001094EDC00,LANDSAT_ETM,2001-04-04,2014-10-23,176,36,35.5668,32.2846,35.266,34.3584,33.9391,31.8468,33.644,33.881,34.612,33.0939,2,  26.52,  46.09,  24.90,  13.23,  21.85,DAY,DAY,53.3470726,136.2970581,EDC,2001:094:08:12:28.9935216,2001:094:08:12:56.0097716,9,9,H,H,H,L,H,H,L,H,L,HH,HH,HH,LL,HH,LL,HH,HH,LL,L1T,http://earthexplorer.usgs.gov/order/process?dataset_name=LANDSAT_ETM&ordered=LE71760362001094EDC00,WGS84,GLS2000,WGS84,DEFINITIVE,,,73,3.354,2.307,2.434,15,30,30,UTM,NORTH_UP,GEOTIFF,14281,15761,Y,7141,7881,CUBIC_CONVOLUTION,,7141,7881,,36,,LPGS_12.5.0,L7CPF20010401_20010630.12,,2014-10-23 09:50:22
Y,http://earthexplorer.usgs.gov/browse/etm/176/36/2001/LE71760362001078FUI00.jpg,LE71760362001078FUI00,LANDSAT_ETM,2001-03-19,2016-07-21,176,36,35.56508,32.27676,35.26424,34.34971,33.94225,31.83965,33.64719,33.87311,34.60887,33.08496,0,   0.00,   0.00,   0.00,   0.00,   0.00,DAY,DAY,47.49328613,140.17378235,FUI,2001:078:08:12:39.5980624,2001:078:08:13:06.6116875,9,9,H,H,H,L,H,H,L,H,L,HH,HH,HH,LL,HH,LL,HH,HH,LL,L1T,http://earthexplorer.usgs.gov/order/process?dataset_name=LANDSAT_ETM&ordered=LE71760362001078FUI00,WGS84,GLS2000,WGS84,DEFINITIVE,,,238,3.47,2.195,2.688,15,30,30,UTM,NORTH_UP,GEOTIFF,14261,15761,Y,7131,7881,CUBIC_CONVOLUTION,,7131,7881,,36,,LPGS_12.7.0,L7CPF20010101_20010331.13,4,2016-07-21 18:15:18
Y,http://earthexplorer.usgs.gov/browse/etm/176/36/2001/LE71760362001062FUI00.jpg,LE71760362001062FUI00,LANDSAT_ETM,2001-03-03,2016-07-21,176,36,35.56667,32.26879,35.26573,34.3419,33.94361,31.83192,33.64843,33.86554,34.60862,33.07668,4,  41.57,  55.32,  35.42,  43.00,  32.54,DAY,DAY,41.58373642,143.44563293,FUI,2001:062:08:12:46.5281249,2001:062:08:13:13.5393125,9,9,H,H,H,H,H,H,L,H,L,HH,HH,HH,HH,HH,LL,HH,HH,LL,L1T,http://earthexplorer.usgs.gov/order/process?dataset_name=LANDSAT_ETM&ordered=LE71760362001062FUI00,WGS84,GLS2000,WGS84,DEFINITIVE,,,147,3.329,2.408,2.298,15,30,30,UTM,NORTH_UP,GEOTIFF,14281,15781,Y,7141,7891,CUBIC_CONVOLUTION,,7141,7891,,36,,LPGS_12.7.0,L7CPF20010101_20010331.13,4,2016-07-21 18:15:46
Y,http://earthexplorer.usgs.gov/browse/etm/176/36/2001/LE71760362001046FUI00.jpg,LE71760362001046FUI00,LANDSAT_ETM,2001-02-15,2016-07-21,176,36,35.56392,32.26118,35.2629,34.33395,33.94154,31.82425,33.6464,33.85757,34.60826,33.0695,4,  41.35,  59.38,  59.24,  24.07,  22.71,DAY,DAY,36.18996811,146.47073364,FUI,2001:046:08:12:52.0792500,2001:046:08:13:19.0881874,9,9,H,H,H,H,H,H,L,H,L,HH,HH,HH,HH,HH,LL,HH,HH,LL,L1T,http://earthexplorer.usgs.gov/order/process?dataset_name=LANDSAT_ETM&ordered=LE71760362001046FUI00,WGS84,GLS2000,WGS84,DEFINITIVE,,,82,2.561,1.543,2.044,15,30,30,UTM,NORTH_UP,GEOTIFF,14281,15761,Y,7141,7881,CUBIC_CONVOLUTION,,7141,7881,,36,,LPGS_12.7.0,L7CPF20010101_20010331.13,4,2016-07-21 18:24:49
Y,http://earthexplorer.usgs.gov/browse/etm/176/36/2001/LE7176036000103050.jpg,LE71760362001030SGS00,LANDSAT_ETM,2001-01-30,2014-08-31,176,36,35.5671,32.2463,35.2658,34.3191,33.9397,31.8089,33.6442,33.842,34.612,33.055,0,   0.52,   0.78,   1.28,   0.03,   0.00,DAY,DAY,31.825716,149.4163208,SGS,2001:030:08:12:56.4893842,2001:030:08:13:23.4963217,9,9,H,H,H,H,H,H,L,H,L,HL,HL,HL,HH,HH,LL,HH,HH,LL,L1T,http://earthexplorer.usgs.gov/order/process?dataset_name=LANDSAT_ETM&ordered=LE71760362001030SGS00,WGS84,GLS2000,WGS84,DEFINITIVE,,,247,2.586,1.532,2.083,15,30,30,UTM,NORTH_UP,GEOTIFF,14281,15781,Y,7141,7891,CUBIC_CONVOLUTION,,7141,7891,,36,,LPGS_12.4.1,L7CPF20010101_20010331.13,,2014-08-31 13:25:43
Y,http://earthexplorer.usgs.gov/browse/etm/176/36/2001/LE71760362001014FUI00.jpg,LE71760362001014FUI00,LANDSAT_ETM,2001-01-14,2016-07-21,176,36,35.56322,32.26407,35.26207,34.33711,33.94061,31.82672,33.64526,33.86026,34.60772,33.07212,2,  29.10,  44.38,  41.35,  22.71,   7.94,DAY,DAY,28.93967056,152.26847839,FUI,2001:014:08:12:55.2891249,2001:014:08:13:22.2939375,9,9,H,H,H,H,H,H,L,H,L,HH,HH,HH,HH,HH,LL,HH,HH,LL,L1T,http://earthexplorer.usgs.gov/order/process?dataset_name=LANDSAT_ETM&ordered=LE71760362001014FUI00,WGS84,GLS2000,WGS84,DEFINITIVE,,,141,2.821,1.535,2.367,15,30,30,UTM,NORTH_UP,GEOTIFF,14281,15801,Y,7141,7901,CUBIC_CONVOLUTION,,7141,7901,,36,,LPGS_12.7.0,L7CPF20010101_20010331.13,4,2016-07-21 18:14:18
Y,http://earthexplorer.usgs.gov/browse/etm/176/36/2000/LE7176036000036450.jpg,LE71760362000364SGS00,LANDSAT_ETM,2000-12-29,2014-10-23,176,36,35.5695,32.2717,35.268,34.3448,33.9427,31.8341,33.6471,33.8676,34.612,33.0796,2,  23.02,  59.95,  15.39,  16.72,   0.00,DAY,DAY,27.790123,154.7990265,SGS,2000:364:08:12:52.6511293,2000:364:08:13:19.6544418,9,9,H,H,H,H,H,H,L,H,L,HH,HH,HH,HH,HH,LL,HH,HH,LL,L1T,http://earthexplorer.usgs.gov/order/process?dataset_name=LANDSAT_ETM&ordered=LE71760362000364SGS00,WGS84,GLS2000,WGS84,DEFINITIVE,,,167,3.007,2.111,2.142,15,30,30,UTM,NORTH_UP,GEOTIFF,14281,15781,Y,7141,7891,CUBIC_CONVOLUTION,,7141,7891,,36,,LPGS_12.5.0,L7CPF20001001_20001231.14,,2014-10-23 09:46:21
Y,http://earthexplorer.usgs.gov/browse/etm/176/36/2000/LE71760362000348FUI00.jpg,LE71760362000348FUI00,LANDSAT_ETM,2000-12-13,2016-07-14,176,36,35.56144,32.28625,35.25996,34.35962,33.93941,31.84909,33.64369,33.88297,34.60712,33.09509,2,  24.26,   8.25,  66.10,   2.90,  19.79,DAY,DAY,28.47995377,156.68577576,FUI,2000:348:08:12:50.1351875,2000:348:08:13:17.1370624,9,9,H,H,H,H,H,H,L,H,L,HH,HH,HH,HH,HH,LL,HH,HH,LL,L1T,http://earthexplorer.usgs.gov/order/process?dataset_name=LANDSAT_ETM&ordered=LE71760362000348FUI00,WGS84,GLS2000,WGS84,DEFINITIVE,,,178,3.401,2.2,2.594,15,30,30,UTM,NORTH_UP,GEOTIFF,14261,15761,Y,7131,7881,CUBIC_CONVOLUTION,,7131,7881,,36,,LPGS_12.7.0,L7CPF20001001_20001231.14,4,2016-07-14 19:47:45
Y,http://earthexplorer.usgs.gov/browse/etm/176/36/2000/LE71760362000332FUI00.jpg,LE71760362000332FUI00,LANDSAT_ETM,2000-11-27,2016-07-14,176,36,35.56464,32.28817,35.26305,34.36177,33.94254,31.85078,33.64672,33.8849,34.60688,33.09568,9,  92.74,  99.93,  99.97,  99.99,  71.08,DAY,DAY,30.85165596,157.53697205,FUI,2000:332:08:12:48.4600625,2000:332:08:13:15.4590624,9,9,H,H,H,H,H,H,L,H,L,HH,HH,HH,HH,HH,LL,HH,HH,LL,L1Gt,http://earthexplorer.usgs.gov/order/process?dataset_name=LANDSAT_ETM&ordered=LE71760362000332FUI00,WGS84,GLS2000,WGS84,DEFINITIVE,,,,,,,15,30,30,UTM,NORTH_UP,GEOTIFF,14261,15781,Y,7131,7891,CUBIC_CONVOLUTION,,7131,7891,,36,,LPGS_12.7.0,L7CPF20001001_20001231.14,,2016-07-14 20:46:12
Y,http://earthexplorer.usgs.gov/browse/etm/176/36/2000/LE7176036000031650.jpg,LE71760362000316EDC00,LANDSAT_ETM,2000-11-11,2014-10-03,176,36,35.5693,32.2812,35.2676,34.355,33.943,31.8429,33.6472,33.8771,34.612,33.0892,0,   0.30,   0.28,   0.91,   0.01,   0.00,DAY,DAY,34.5793724,157.0178986,EDC,2000:316:08:12:46.3958083,2000:316:08:13:13.3927458,9,9,H,H,H,H,H,H,L,H,L,HL,HL,HL,HH,HH,LL,HH,HH,LL,L1T,http://earthexplorer.usgs.gov/order/process?dataset_name=LANDSAT_ETM&ordered=LE71760362000316EDC00,WGS84,GLS2000,WGS84,DEFINITIVE,,,206,3.312,2.02,2.625,15,30,30,UTM,NORTH_UP,GEOTIFF,14261,15761,Y,7131,7881,CUBIC_CONVOLUTION,,7131,7881,,36,,LPGS_12.5.0,L7CPF20001001_20001231.14,,2014-10-03 13:00:55
Y,http://earthexplorer.usgs.gov/browse/etm/176/36/2000/LE7176036000030050.jpg,LE71760362000300SGS00,LANDSAT_ETM,2000-10-26,2014-10-23,176,36,35.5658,32.2754,35.2641,34.349,33.9397,31.837,33.6439,33.871,34.612,33.085,1,  17.54,  27.90,  11.25,  18.28,  12.73,DAY,DAY,39.2277832,154.888092,SGS,2000:300:08:12:44.1833688,2000:300:08:13:11.1787438,9,9,H,H,H,H,H,H,L,H,L,HH,HH,HH,HH,HH,LL,HH,HH,LL,L1T,http://earthexplorer.usgs.gov/order/process?dataset_name=LANDSAT_ETM&ordered=LE71760362000300SGS00,WGS84,GLS2000,WGS84,DEFINITIVE,,,95,3.524,2.289,2.679,15,30,30,UTM,NORTH_UP,GEOTIFF,14281,15781,Y,7141,7891,CUBIC_CONVOLUTION,,7141,7891,,36,,LPGS_12.5.0,L7CPF20001001_20001231.14,,2014-10-23 10:13:25
Y,http://earthexplorer.usgs.gov/browse/etm/176/36/2000/LE71760362000284FUI00.jpg,LE71760362000284FUI00,LANDSAT_ETM,2000-10-10,2016-07-11,176,36,35.56715,32.22453,35.26707,34.29773,33.94511,31.78878,33.6508,33.82249,34.61085,33.03326,2,  25.77,  65.22,   9.93,  19.24,   8.69,DAY,DAY,44.29056549,150.99119568,FUI,2000:284:08:12:47.5959999,2000:284:08:13:14.5893124,9,9,H,H,H,H,H,H,L,H,L,HH,HH,HH,HH,HH,LL,HH,HH,LL,L1T,http://earthexplorer.usgs.gov/order/process?dataset_name=LANDSAT_ETM&ordered=LE71760362000284FUI00,WGS84,GLS2000,WGS84,DEFINITIVE,,,79,3.596,2.024,2.972,15,30,30,UTM,NORTH_UP,GEOTIFF,14261,15781,Y,7131,7891,CUBIC_CONVOLUTION,,7131,7891,,36,,LPGS_12.7.0,L7CPF20001001_20001231.14,4,2016-07-12 04:30:30
Y,http://earthexplorer.usgs.gov/browse/etm/176/36/2000/LE7176036000026850.jpg,LE71760362000268SGS00,LANDSAT_ETM,2000-09-24,2014-10-23,176,36,35.5689,32.2578,35.2692,34.3311,33.9424,31.8206,33.6484,33.8543,34.612,33.0663,0,   0.00,   0.00,   0.00,   0.00,   0.00,DAY,DAY,49.3493996,145.5246124,SGS,2000:268:08:12:53.6223631,2000:268:08:13:20.6134881,9,9,H,H,H,L,H,H,L,H,L,HL,HL,HL,LL,HL,LL,HH,HL,LL,L1T,http://earthexplorer.usgs.gov/order/process?dataset_name=LANDSAT_ETM&ordered=LE71760362000268SGS00,WGS84,GLS2000,WGS84,DEFINITIVE,,,188,3.92,2.725,2.818,15,30,30,UTM,NORTH_UP,GEOTIFF,14261,15781,Y,7131,7891,CUBIC_CONVOLUTION,,7131,7891,,36,,LPGS_12.5.0,L7CPF20000719_20000930.16,,2014-10-23 10:07:15
Y,http://earthexplorer.usgs.gov/browse/etm/176/36/2000/LE71760362000252FUI00.jpg,LE71760362000252FUI00,LANDSAT_ETM,2000-09-08,2016-07-11,176,36,35.56485,32.25645,35.26466,34.32938,33.9435,31.82099,33.64912,33.85445,34.61056,33.06597,0,   0.34,   0.54,   0.71,   0.04,   0.08,DAY,DAY,53.99349213,138.62753296,FUI,2000:252:08:13:10.3340624,2000:252:08:13:37.3218125,9,9,H,H,H,L,H,H,L,H,L,HH,HH,HH,LL,HH,LL,HH,HH,LL,L1T,http://earthexplorer.usgs.gov/order/process?dataset_name=LANDSAT_ETM&ordered=LE71760362000252FUI00,WGS84,GLS2000,WGS84,DEFINITIVE,,,134,3.751,2.261,2.993,15,30,30,UTM,NORTH_UP,GEOTIFF,14261,15761,Y,7131,7881,CUBIC_CONVOLUTION,,7131,7881,,36,,LPGS_12.7.0,L7CPF20000719_20000930.16,4,2016-07-12 04:28:01
Y,http://earthexplorer.usgs.gov/browse/etm/176/36/2000/LE71760362000236FUI00.jpg,LE71760362000236FUI00,LANDSAT_ETM,2000-08-23,2016-07-11,176,36,35.56334,32.24685,35.26305,34.31981,33.9423,31.81139,33.64788,33.84492,34.61023,33.05641,0,   0.00,   0.00,   0.00,   0.00,   0.00,DAY,DAY,57.95947647,130.84292603,FUI,2000:236:08:13:26.1038124,2000:236:08:13:53.0881249,9,9,H,H,H,L,H,H,L,H,L,HH,HH,HH,LL,HH,LL,HH,HH,LL,L1T,http://earthexplorer.usgs.gov/order/process?dataset_name=LANDSAT_ETM&ordered=LE71760362000236FUI00,WGS84,GLS2000,WGS84,DEFINITIVE,,,162,3.953,2.462,3.093,15,30,30,UTM,NORTH_UP,GEOTIFF,14261,15761,Y,7131,7881,CUBIC_CONVOLUTION,,7131,7881,,36,,LPGS_12.7.0,L7CPF20000719_20000930.16,4,2016-07-12 04:29:38
Y,http://earthexplorer.usgs.gov/browse/etm/176/36/2000/LE7176036000022050.jpg,LE71760362000220EDC00,LANDSAT_ETM,2000-08-07,2014-10-23,176,36,35.5666,32.2685,35.2667,34.3417,33.9413,31.832,33.6473,33.8657,34.612,33.0778,0,   0.00,   0.00,   0.00,   0.00,   0.00,DAY,DAY,61.153965,123.1013641,EDC,2000:220:08:13:31.7731630,2000:220:08:13:58.7548505,9,9,H,H,H,L,H,H,L,H,L,HH,HH,HH,LL,HH,LL,HH,HH,LL,L1T,http://earthexplorer.usgs.gov/order/process?dataset_name=LANDSAT_ETM&ordered=LE71760362000220EDC00,WGS84,GLS2000,WGS84,DEFINITIVE,,,143,4.306,2.932,3.154,15,30,30,UTM,NORTH_UP,GEOTIFF,14261,15761,Y,7131,7881,CUBIC_CONVOLUTION,,7131,7881,,36,,LPGS_12.5.0,L7CPF20000719_20000930.16,,2014-10-23 10:10:49
Y,http://earthexplorer.usgs.gov/browse/etm/176/36/2000/LE71760362000204FUI00.jpg,LE71760362000204FUI00,LANDSAT_ETM,2000-07-22,2016-07-11,176,36,35.5648,32.26785,35.26458,34.34003,33.944,31.83226,33.64964,33.86504,34.60994,33.0765,0,   2.98,   5.13,   2.52,   3.15,   1.12,DAY,DAY,63.62636948,116.61161041,FUI,2000:204:08:13:45.7990624,2000:204:08:14:12.7784374,9,9,H,H,H,L,H,H,L,H,L,HH,HH,HH,LL,HH,LL,HH,HH,LL,L1T,http://earthexplorer.usgs.gov/order/process?dataset_name=LANDSAT_ETM&ordered=LE71760362000204FUI00,WGS84,GLS2000,WGS84,DEFINITIVE,,,106,3.973,2.498,3.089,15,30,30,UTM,NORTH_UP,GEOTIFF,14241,15761,Y,7121,7881,CUBIC_CONVOLUTION,,7121,7881,,36,,LPGS_12.7.0,L7CPF20000719_20000930.16,4,2016-07-12 04:29:11
Y,http://earthexplorer.usgs.gov/browse/etm/176/36/2000/LE71760362000188FUI00.jpg,LE71760362000188FUI00,LANDSAT_ETM,2000-07-06,2016-07-11,176,36,35.5666,32.24282,35.26544,34.3148,33.94737,31.80786,33.65193,33.84045,34.61145,33.05153,0,   0.00,   0.00,   0.00,   0.00,   0.00,DAY,DAY,65.42324829,112.60385132,FUI,2000:188:08:14:01.7773264,2000:188:08:14:28.7225624,2,2,H,H,H,L,H,H,L,H,L,HH,HH,HH,LL,HH,LL,HH,HH,LL,L1T,http://earthexplorer.usgs.gov/order/process?dataset_name=LANDSAT_ETM&ordered=LE71760362000188FUI00,WGS84,GLS2000,WGS84,DEFINITIVE,,,94,4.486,3.246,3.097,15,30,30,UTM,NORTH_UP,GEOTIFF,14081,15761,Y,7041,7881,CUBIC_CONVOLUTION,,7041,7881,,36,,LPGS_12.7.0,L7CPF20000701_20000718.15,4,2016-07-12 04:06:44
Y,http://earthexplorer.usgs.gov/browse/etm/176/36/2000/LE71760362000172FUI00.jpg,LE71760362000172FUI00,LANDSAT_ETM,2000-06-20,2016-07-11,176,36,35.56617,32.22996,35.26492,34.30193,33.94558,31.79465,33.65015,33.82719,34.61153,33.03877,0,   0.43,   1.70,   0.03,   0.00,   0.00,DAY,DAY,66.50196075,112.04328156,FUI,2000:172:08:14:15.5359374,2000:172:08:14:42.5111249,9,9,H,H,H,L,H,H,L,H,L,HH,HH,HH,LL,HH,LL,HH,HH,LL,L1T,http://earthexplorer.usgs.gov/order/process?dataset_name=LANDSAT_ETM&ordered=LE71760362000172FUI00,WGS84,GLS2000,WGS84,DEFINITIVE,,,92,4.967,3.26,3.747,15,30,30,UTM,NORTH_UP,GEOTIFF,14241,15761,Y,7121,7881,CUBIC_CONVOLUTION,,7121,7881,,36,,LPGS_12.7.0,L7CPF20000401_20000630.15,4,2016-07-12 04:09:51
Y,http://earthexplorer.usgs.gov/browse/etm/176/36/2000/LE71760362000156FUI00.jpg,LE71760362000156FUI00,LANDSAT_ETM,2000-06-04,2016-07-11,176,36,35.56679,32.25841,35.26545,34.33067,33.9463,31.82337,33.65087,33.85622,34.61106,33.06729,0,   1.58,   3.44,   2.75,   0.00,   0.13,DAY,DAY,66.59541321,115.12802887,FUI,2000:156:08:14:19.0313124,2000:156:08:14:46.0040000,9,9,H,H,H,L,H,H,L,H,L,HH,HH,HH,LL,HH,LL,HH,HH,LL,L1T,http://earthexplorer.usgs.gov/order/process?dataset_name=LANDSAT_ETM&ordered=LE71760362000156FUI00,WGS84,GLS2000,WGS84,DEFINITIVE,,,102,4.705,3.566,3.069,15,30,30,UTM,NORTH_UP,GEOTIFF,14241,15781,Y,7121,7891,CUBIC_CONVOLUTION,,7121,7891,,36,,LPGS_12.7.0,L7CPF20000401_20000630.15,4,2016-07-12 04:26:08
Y,http://earthexplorer.usgs.gov/browse/etm/176/36/2000/LE7176036000014050.jpg,LE71760362000140EDC00,LANDSAT_ETM,2000-05-19,2014-10-23,176,36,35.5696,32.2463,35.2682,34.319,33.9442,31.8098,33.6485,33.8429,34.612,33.0547,0,   0.70,   1.88,   0.22,   0.00,   0.70,DAY,DAY,65.3203201,120.8660049,EDC,2000:140:08:14:30.6165433,2000:140:08:14:57.5893933,9,9,H,H,H,L,H,H,L,H,L,HH,HH,HH,LL,HH,LL,HH,HH,LL,L1T,http://earthexplorer.usgs.gov/order/process?dataset_name=LANDSAT_ETM&ordered=LE71760362000140EDC00,WGS84,GLS2000,WGS84,DEFINITIVE,,,151,4.354,3.091,3.067,15,30,30,UTM,NORTH_UP,GEOTIFF,14241,15761,Y,7121,7881,CUBIC_CONVOLUTION,,7121,7881,,36,,LPGS_12.5.0,L7CPF20000401_20000630.15,,2014-10-23 09:45:03
Y,http://earthexplorer.usgs.gov/browse/etm/176/36/2000/LE71760362000108FUI00.jpg,LE71760362000108FUI00,LANDSAT_ETM,2000-04-17,2016-07-07,176,36,35.56697,32.27601,35.26537,34.34905,33.9465,31.84079,33.65063,33.87438,34.61087,33.08501,3,  35.77,  34.46,  68.93,   3.29,  36.37,DAY,DAY,58.10256577,133.19572449,FUI,2000:108:08:14:43.3045625,2000:108:08:15:10.2741250,9,9,H,H,H,L,H,H,L,H,L,HH,HH,HH,LL,HH,LL,HH,HH,LL,L1T,http://earthexplorer.usgs.gov/order/process?dataset_name=LANDSAT_ETM&ordered=LE71760362000108FUI00,WGS84,GLS2000,WGS84,DEFINITIVE,,,68,4.505,3.306,3.06,15,30,30,UTM,NORTH_UP,GEOTIFF,14241,15761,Y,7121,7881,CUBIC_CONVOLUTION,,7121,7881,,36,,LPGS_12.7.0,L7CPF20000401_20000630.15,4,2016-07-07 21:36:22
Y,http://earthexplorer.usgs.gov/browse/etm/176/36/2000/LE71760362000092FUI00.jpg,LE71760362000092FUI00,LANDSAT_ETM,2000-04-01,2016-07-07,176,36,35.56453,32.25085,35.26291,34.32362,33.94434,31.81514,33.64844,33.84846,34.61053,33.05999,3,  31.47,  31.25,  52.67,  21.74,  20.20,DAY,DAY,52.69053268,137.8117981,FUI,2000:092:08:14:57.3415000,2000:092:08:15:24.3101249,9,9,H,H,H,L,H,H,L,H,L,HH,HH,HH,LL,HH,LL,HH,HH,LL,L1T,http://earthexplorer.usgs.gov/order/process?dataset_name=LANDSAT_ETM&ordered=LE71760362000092FUI00,WGS84,GLS2000,WGS84,DEFINITIVE,,,196,4.088,2.888,2.893,15,30,30,UTM,NORTH_UP,GEOTIFF,14241,15801,Y,7121,7901,CUBIC_CONVOLUTION,,7121,7901,,36,,LPGS_12.7.0,L7CPF20000401_20000630.15,4,2016-07-07 20:24:13
Y,http://earthexplorer.usgs.gov/browse/etm/176/36/2000/LE71760362000076FUI00.jpg,LE71760362000076FUI00,LANDSAT_ETM,2000-03-16,2016-07-07,176,36,35.56452,32.26538,35.26274,34.3385,33.94425,31.82938,33.64837,33.86311,34.61024,33.07449,0,  10.54,  21.07,  16.37,   3.62,   1.09,DAY,DAY,46.75896835,141.48622131,FUI,2000:076:08:15:00.8969374,2000:076:08:15:27.8644374,1,9,H,H,H,L,H,H,L,H,L,HH,HH,HH,LL,HH,LL,HH,HH,LL,L1T,http://earthexplorer.usgs.gov/order/process?dataset_name=LANDSAT_ETM&ordered=LE71760362000076FUI00,WGS84,GLS2000,WGS84,DEFINITIVE,,,133,4.108,2.345,3.373,15,30,30,UTM,NORTH_UP,GEOTIFF,14241,15781,Y,7121,7891,CUBIC_CONVOLUTION,,7121,7891,,36,,LPGS_12.7.0,L7CPF20000101_20000331.17,4,2016-07-07 20:08:31
Y,http://earthexplorer.usgs.gov/browse/etm/176/36/2000/LE71760362000044FUI00.jpg,LE71760362000044FUI00,LANDSAT_ETM,2000-02-13,2016-07-07,176,36,35.5658,32.26901,35.26391,34.34198,33.9459,31.83343,33.64981,33.86698,34.60972,33.0779,4,  47.53,  24.08,  65.18,  55.63,  45.24,DAY,DAY,35.61014938,147.60231018,FUI,2000:044:08:15:10.3311249,2000:044:08:15:37.2957499,9,9,H,H,H,H,H,H,L,H,L,HH,HH,HH,HH,HH,LL,HH,HH,LL,L1T,http://earthexplorer.usgs.gov/order/process?dataset_name=LANDSAT_ETM&ordered=LE71760362000044FUI00,WGS84,GLS2000,WGS84,DEFINITIVE,,,90,3.797,2.494,2.863,15,30,30,UTM,NORTH_UP,GEOTIFF,14241,15761,Y,7121,7881,CUBIC_CONVOLUTION,,7121,7881,,36,,LPGS_12.7.0,L7CPF20000101_20000331.17,4,2016-07-07 20:15:08
Y,http://earthexplorer.usgs.gov/browse/etm/176/36/2000/LE7176036000002850.jpg,LE71760362000028EDC00,LANDSAT_ETM,2000-01-28,2014-10-02,176,36,35.5694,32.2613,35.2672,34.3342,33.9453,31.8247,33.6491,33.858,34.612,33.0706,0,   2.26,   0.22,   0.44,   0.06,   8.34,DAY,DAY,31.4567661,150.5161591,EDC,2000:028:08:15:14.7283502,2000:028:08:15:41.6926878,9,9,H,H,H,H,H,H,L,H,L,HH,HH,HH,HH,HH,LL,HH,HH,LL,L1T,http://earthexplorer.usgs.gov/order/process?dataset_name=LANDSAT_ETM&ordered=LE71760362000028EDC00,WGS84,GLS2000,WGS84,DEFINITIVE,,,213,3.31,2.018,2.624,15,30,30,UTM,NORTH_UP,GEOTIFF,14241,15781,Y,7121,7891,CUBIC_CONVOLUTION,,7121,7891,,36,,LPGS_12.5.0,L7CPF20000101_20000331.17,,2014-10-03 03:33:27
Y,http://earthexplorer.usgs.gov/browse/etm/176/36/2000/LE71760362000012FUI00.jpg,LE71760362000012FUI00,LANDSAT_ETM,2000-01-12,2016-07-07,176,36,35.56365,32.26603,35.26165,34.3387,33.94379,31.82959,33.64755,33.86284,34.60951,33.0749,4,  46.35,  24.51,  34.78,  61.44,  64.67,DAY,DAY,28.83259392,153.31080627,FUI,2000:012:08:15:16.7684375,2000:012:08:15:43.7312499,9,9,H,H,H,H,H,H,L,H,L,HH,HH,HH,HH,HH,LL,HH,HH,LL,L1T,http://earthexplorer.usgs.gov/order/process?dataset_name=LANDSAT_ETM&ordered=LE71760362000012FUI00,WGS84,GLS2000,WGS84,DEFINITIVE,,,133,3.347,2.113,2.596,15,30,30,UTM,NORTH_UP,GEOTIFF,14261,15781,Y,7131,7891,CUBIC_CONVOLUTION,,7131,7891,,36,,LPGS_12.7.0,L7CPF20000101_20000331.17,4,2016-07-07 20:03:19
Y,http://earthexplorer.usgs.gov/browse/etm/176/36/1999/LE7176036009932950.jpg,LE71760361999329EDC00,LANDSAT_ETM,1999-11-25,2014-10-23,176,36,35.5691,32.2876,35.2666,34.3606,33.9451,31.8499,33.6484,33.8835,34.612,33.0957,4,  43.70,  60.62,  36.84,  47.14,  30.21,DAY,DAY,31.5933456,158.1868286,EDC,1999:329:08:15:12.5920375,1999:329:08:15:39.5516500,9,9,H,H,H,H,H,L,H,H,L,HH,HH,HH,HH,HH,HH,LL,HH,LL,L1T,http://earthexplorer.usgs.gov/order/process?dataset_name=LANDSAT_ETM&ordered=LE71760361999329EDC00,WGS84,GLS2000,WGS84,DEFINITIVE,,,92,3.516,1.911,2.951,15,30,30,UTM,NORTH_UP,GEOTIFF,14241,15761,Y,7121,7881,CUBIC_CONVOLUTION,,7121,7881,,36,,LPGS_12.5.0,L7CPF19991124_19991208.17,,2014-10-23 09:50:00
Y,http://earthexplorer.usgs.gov/browse/etm/176/36/1999/LE71760361999313FUI00.jpg,LE71760361999313FUI00,LANDSAT_ETM,1999-11-09,2016-06-30,176,36,35.56243,32.2348,35.26033,34.30738,33.94337,31.79909,33.64704,33.83228,34.60963,33.04457,0,   3.13,   4.99,   6.81,   0.68,   0.05,DAY,DAY,35.5238266,157.43952942,FUI,1999:313:08:15:21.7662500,1999:313:08:15:48.7242499,9,9,H,H,H,H,H,H,L,H,L,HH,HH,HH,HH,HH,LL,HH,HH,LL,L1T,http://earthexplorer.usgs.gov/order/process?dataset_name=LANDSAT_ETM&ordered=LE71760361999313FUI00,WGS84,GLS2000,WGS84,DEFINITIVE,,,195,3.616,2.358,2.742,15,30,30,UTM,NORTH_UP,GEOTIFF,14241,15781,Y,7121,7891,CUBIC_CONVOLUTION,,7121,7891,,36,,LPGS_12.7.0,L7CPF19991001_19991123.18,4,2016-06-30 19:56:32
Y,http://earthexplorer.usgs.gov/browse/etm/176/36/1999/LE71760361999265FUI00.jpg,LE71760361999265FUI00,LANDSAT_ETM,1999-09-22,2016-06-30,176,36,35.5646,32.26381,35.26248,34.33659,33.94542,31.82759,33.64902,33.86096,34.60888,33.07206,0,   0.40,   0.04,   1.56,   0.01,   0.00,DAY,DAY,50.48141861,145.27241516,FUI,1999:265:08:15:22.4312500,1999:265:08:15:49.3849999,9,9,H,H,H,H,H,H,L,H,L,HH,HH,HH,HH,HH,LL,HH,HH,LL,L1T,http://earthexplorer.usgs.gov/order/process?dataset_name=LANDSAT_ETM&ordered=LE71760361999265FUI00,WGS84,GLS2000,WGS84,DEFINITIVE,,,162,3.839,2.613,2.812,15,30,30,UTM,NORTH_UP,GEOTIFF,14241,15801,Y,7121,7901,CUBIC_CONVOLUTION,,7121,7901,,36,,LPGS_12.7.0,L7CPF19990701_19990930.21,4,2016-06-30 19:47:21
Y,http://earthexplorer.usgs.gov/browse/etm/176/36/1999/LE71760361999217FUI00.jpg,LE71760361999217FUI00,LANDSAT_ETM,1999-08-05,2016-06-29,176,36,35.5654,32.26093,35.26316,34.33363,33.94624,31.82469,33.64974,33.85799,34.60862,33.06882,0,   0.91,   0.45,   0.20,   0.99,   1.99,DAY,DAY,61.93572998,122.45819092,FUI,1999:217:08:15:21.1255624,1999:217:08:15:48.0757499,9,9,H,H,H,H,H,H,L,H,L,HH,HH,HH,HH,HH,LL,HH,HH,LL,L1T,http://earthexplorer.usgs.gov/order/process?dataset_name=LANDSAT_ETM&ordered=LE71760361999217FUI00,WGS84,GLS2000,WGS84,DEFINITIVE,,,113,4.554,3.034,3.396,15,30,30,UTM,NORTH_UP,GEOTIFF,14241,15781,Y,7121,7891,CUBIC_CONVOLUTION,,7121,7891,,36,,LPGS_12.7.0,L7CPF19990701_19990930.21,4,2016-06-29 20:03:28
Y,http://earthexplorer.usgs.gov/browse/etm/176/36/1999/LE71760361999201FUI00.jpg,LE71760361999201FUI00,LANDSAT_ETM,1999-07-20,2016-06-29,176,36,35.5635,32.28108,35.26123,34.35356,33.94463,31.84492,33.64809,33.87802,34.60843,33.08992,0,   0.15,   0.48,   0.01,   0.01,   0.12,DAY,DAY,64.26166534,116.19972229,FUI,1999:201:08:15:13.8657500,1999:201:08:15:40.8145624,9,9,H,H,H,H,H,H,L,H,L,HH,HH,HH,HH,HH,LL,HH,HH,LL,L1T,http://earthexplorer.usgs.gov/order/process?dataset_name=LANDSAT_ETM&ordered=LE71760361999201FUI00,WGS84,GLS2000,WGS84,DEFINITIVE,,,92,4.743,3.412,3.295,15,30,30,UTM,NORTH_UP,GEOTIFF,14241,15781,Y,7121,7891,CUBIC_CONVOLUTION,,7121,7891,,36,,LPGS_12.7.0,L7CPF19990701_19990930.21,4,2016-06-29 20:03:58
